青沥扁包疙,悼疙,楷飞,己喊备盒,牢备荐
何魂堡开矫 秦款措备,快力1悼,0技 - 9技,巢,538
何魂堡开矫 秦款措备,快力1悼,0技 - 9技,咯,593
何魂堡开矫 秦款措备,快力1悼,10技 - 19技,巢,808
何魂堡开矫 秦款措备,快力1悼,10技 - 19技,咯,797
何魂堡开矫 秦款措备,快力1悼,20技 - 29技,巢,1202
何魂堡开矫 秦款措备,快力1悼,20技 - 29技,咯,1257
何魂堡开矫 秦款措备,快力1悼,30技 - 39技,巢,1351
何魂堡开矫 秦款措备,快力1悼,30技 - 39技,咯,1370
何魂堡开矫 秦款措备,快力1悼,40技 - 49技,巢,1573
何魂堡开矫 秦款措备,快力1悼,40技 - 49技,咯,1666
何魂堡开矫 秦款措备,快力1悼,50技 - 59技,巢,1762
何魂堡开矫 秦款措备,快力1悼,50技 - 59技,咯,1969
何魂堡开矫 秦款措备,快力1悼,60技 - 69技,巢,1674
何魂堡开矫 秦款措备,快力1悼,60技 - 69技,咯,2001
何魂堡开矫 秦款措备,快力1悼,70技 - 79技,巢,1032
何魂堡开矫 秦款措备,快力1悼,70技 - 79技,咯,1220
何魂堡开矫 秦款措备,快力1悼,80技 - 89技,巢,386
何魂堡开矫 秦款措备,快力1悼,80技 - 89技,咯,565
何魂堡开矫 秦款措备,快力1悼,90技 - 99技,巢,28
何魂堡开矫 秦款措备,快力1悼,90技 - 99技,咯,90
何魂堡开矫 秦款措备,快力1悼,100技 - 109技,巢,1
何魂堡开矫 秦款措备,快力1悼,100技 - 109技,咯,4
何魂堡开矫 秦款措备,快力1悼,110技 捞惑,巢,0
何魂堡开矫 秦款措备,快力1悼,110技 捞惑,咯,0
何魂堡开矫 秦款措备,快力2悼,0技 - 9技,巢,1220
何魂堡开矫 秦款措备,快力2悼,0技 - 9技,咯,1187
何魂堡开矫 秦款措备,快力2悼,10技 - 19技,巢,1665
何魂堡开矫 秦款措备,快力2悼,10技 - 19技,咯,1481
何魂堡开矫 秦款措备,快力2悼,20技 - 29技,巢,1467
何魂堡开矫 秦款措备,快力2悼,20技 - 29技,咯,1376
何魂堡开矫 秦款措备,快力2悼,30技 - 39技,巢,1511
何魂堡开矫 秦款措备,快力2悼,30技 - 39技,咯,1780
何魂堡开矫 秦款措备,快力2悼,40技 - 49技,巢,2255
何魂堡开矫 秦款措备,快力2悼,40技 - 49技,咯,2647
何魂堡开矫 秦款措备,快力2悼,50技 - 59技,巢,2520
何魂堡开矫 秦款措备,快力2悼,50技 - 59技,咯,2910
何魂堡开矫 秦款措备,快力2悼,60技 - 69技,巢,2037
何魂堡开矫 秦款措备,快力2悼,60技 - 69技,咯,2314
何魂堡开矫 秦款措备,快力2悼,70技 - 79技,巢,1059
何魂堡开矫 秦款措备,快力2悼,70技 - 79技,咯,1263
何魂堡开矫 秦款措备,快力2悼,80技 - 89技,巢,411
何魂堡开矫 秦款措备,快力2悼,80技 - 89技,咯,653
何魂堡开矫 秦款措备,快力2悼,90技 - 99技,巢,36
何魂堡开矫 秦款措备,快力2悼,90技 - 99技,咯,112
何魂堡开矫 秦款措备,快力2悼,100技 - 109技,巢,1
何魂堡开矫 秦款措备,快力2悼,100技 - 109技,咯,5
何魂堡开矫 秦款措备,快力2悼,110技 捞惑,巢,0
何魂堡开矫 秦款措备,快力2悼,110技 捞惑,咯,0
何魂堡开矫 秦款措备,快力3悼,0技 - 9技,巢,1283
何魂堡开矫 秦款措备,快力3悼,0技 - 9技,咯,1214
何魂堡开矫 秦款措备,快力3悼,10技 - 19技,巢,1629
何魂堡开矫 秦款措备,快力3悼,10技 - 19技,咯,1577
何魂堡开矫 秦款措备,快力3悼,20技 - 29技,巢,1212
何魂堡开矫 秦款措备,快力3悼,20技 - 29技,咯,1128
何魂堡开矫 秦款措备,快力3悼,30技 - 39技,巢,1213
何魂堡开矫 秦款措备,快力3悼,30技 - 39技,咯,1573
何魂堡开矫 秦款措备,快力3悼,40技 - 49技,巢,2257
何魂堡开矫 秦款措备,快力3悼,40技 - 49技,咯,2679
何魂堡开矫 秦款措备,快力3悼,50技 - 59技,巢,2119
何魂堡开矫 秦款措备,快力3悼,50技 - 59技,咯,2506
何魂堡开矫 秦款措备,快力3悼,60技 - 69技,巢,2017
何魂堡开矫 秦款措备,快力3悼,60技 - 69技,咯,2270
何魂堡开矫 秦款措备,快力3悼,70技 - 79技,巢,1003
何魂堡开矫 秦款措备,快力3悼,70技 - 79技,咯,1145
何魂堡开矫 秦款措备,快力3悼,80技 - 89技,巢,403
何魂堡开矫 秦款措备,快力3悼,80技 - 89技,咯,540
何魂堡开矫 秦款措备,快力3悼,90技 - 99技,巢,41
何魂堡开矫 秦款措备,快力3悼,90技 - 99技,咯,109
何魂堡开矫 秦款措备,快力3悼,100技 - 109技,巢,2
何魂堡开矫 秦款措备,快力3悼,100技 - 109技,咯,4
何魂堡开矫 秦款措备,快力3悼,110技 捞惑,巢,0
何魂堡开矫 秦款措备,快力3悼,110技 捞惑,咯,0
何魂堡开矫 秦款措备,吝力1悼,0技 - 9技,巢,1015
何魂堡开矫 秦款措备,吝力1悼,0技 - 9技,咯,936
何魂堡开矫 秦款措备,吝力1悼,10技 - 19技,巢,1313
何魂堡开矫 秦款措备,吝力1悼,10技 - 19技,咯,1211
何魂堡开矫 秦款措备,吝力1悼,20技 - 29技,巢,1477
何魂堡开矫 秦款措备,吝力1悼,20技 - 29技,咯,1548
何魂堡开矫 秦款措备,吝力1悼,30技 - 39技,巢,1573
何魂堡开矫 秦款措备,吝力1悼,30技 - 39技,咯,1719
何魂堡开矫 秦款措备,吝力1悼,40技 - 49技,巢,2170
何魂堡开矫 秦款措备,吝力1悼,40技 - 49技,咯,2408
何魂堡开矫 秦款措备,吝力1悼,50技 - 59技,巢,2312
何魂堡开矫 秦款措备,吝力1悼,50技 - 59技,咯,2568
何魂堡开矫 秦款措备,吝力1悼,60技 - 69技,巢,1792
何魂堡开矫 秦款措备,吝力1悼,60技 - 69技,咯,2049
何魂堡开矫 秦款措备,吝力1悼,70技 - 79技,巢,928
何魂堡开矫 秦款措备,吝力1悼,70技 - 79技,咯,1090
何魂堡开矫 秦款措备,吝力1悼,80技 - 89技,巢,397
何魂堡开矫 秦款措备,吝力1悼,80技 - 89技,咯,595
何魂堡开矫 秦款措备,吝力1悼,90技 - 99技,巢,34
何魂堡开矫 秦款措备,吝力1悼,90技 - 99技,咯,77
何魂堡开矫 秦款措备,吝力1悼,100技 - 109技,巢,1
何魂堡开矫 秦款措备,吝力1悼,100技 - 109技,咯,3
何魂堡开矫 秦款措备,吝力1悼,110技 捞惑,巢,0
何魂堡开矫 秦款措备,吝力1悼,110技 捞惑,咯,1
何魂堡开矫 秦款措备,吝力2悼,0技 - 9技,巢,515
何魂堡开矫 秦款措备,吝力2悼,0技 - 9技,咯,569
何魂堡开矫 秦款措备,吝力2悼,10技 - 19技,巢,631
何魂堡开矫 秦款措备,吝力2悼,10技 - 19技,咯,537
何魂堡开矫 秦款措备,吝力2悼,20技 - 29技,巢,683
何魂堡开矫 秦款措备,吝力2悼,20技 - 29技,咯,648
何魂堡开矫 秦款措备,吝力2悼,30技 - 39技,巢,969
何魂堡开矫 秦款措备,吝力2悼,30技 - 39技,咯,957
何魂堡开矫 秦款措备,吝力2悼,40技 - 49技,巢,1266
何魂堡开矫 秦款措备,吝力2悼,40技 - 49技,咯,1284
何魂堡开矫 秦款措备,吝力2悼,50技 - 59技,巢,1236
何魂堡开矫 秦款措备,吝力2悼,50技 - 59技,咯,1432
何魂堡开矫 秦款措备,吝力2悼,60技 - 69技,巢,1182
何魂堡开矫 秦款措备,吝力2悼,60技 - 69技,咯,1422
何魂堡开矫 秦款措备,吝力2悼,70技 - 79技,巢,558
何魂堡开矫 秦款措备,吝力2悼,70技 - 79技,咯,737
何魂堡开矫 秦款措备,吝力2悼,80技 - 89技,巢,203
何魂堡开矫 秦款措备,吝力2悼,80技 - 89技,咯,277
何魂堡开矫 秦款措备,吝力2悼,90技 - 99技,巢,19
何魂堡开矫 秦款措备,吝力2悼,90技 - 99技,咯,57
何魂堡开矫 秦款措备,吝力2悼,100技 - 109技,巢,0
何魂堡开矫 秦款措备,吝力2悼,100技 - 109技,咯,1
何魂堡开矫 秦款措备,吝力2悼,110技 捞惑,巢,0
何魂堡开矫 秦款措备,吝力2悼,110技 捞惑,咯,0
何魂堡开矫 秦款措备,谅力1悼,0技 - 9技,巢,450
何魂堡开矫 秦款措备,谅力1悼,0技 - 9技,咯,447
何魂堡开矫 秦款措备,谅力1悼,10技 - 19技,巢,981
何魂堡开矫 秦款措备,谅力1悼,10技 - 19技,咯,904
何魂堡开矫 秦款措备,谅力1悼,20技 - 29技,巢,1160
何魂堡开矫 秦款措备,谅力1悼,20技 - 29技,咯,1243
何魂堡开矫 秦款措备,谅力1悼,30技 - 39技,巢,926
何魂堡开矫 秦款措备,谅力1悼,30技 - 39技,咯,1033
何魂堡开矫 秦款措备,谅力1悼,40技 - 49技,巢,1181
何魂堡开矫 秦款措备,谅力1悼,40技 - 49技,咯,1533
何魂堡开矫 秦款措备,谅力1悼,50技 - 59技,巢,1537
何魂堡开矫 秦款措备,谅力1悼,50技 - 59技,咯,1737
何魂堡开矫 秦款措备,谅力1悼,60技 - 69技,巢,1100
何魂堡开矫 秦款措备,谅力1悼,60技 - 69技,咯,1155
何魂堡开矫 秦款措备,谅力1悼,70技 - 79技,巢,433
何魂堡开矫 秦款措备,谅力1悼,70技 - 79技,咯,646
何魂堡开矫 秦款措备,谅力1悼,80技 - 89技,巢,251
何魂堡开矫 秦款措备,谅力1悼,80技 - 89技,咯,478
何魂堡开矫 秦款措备,谅力1悼,90技 - 99技,巢,30
何魂堡开矫 秦款措备,谅力1悼,90技 - 99技,咯,65
何魂堡开矫 秦款措备,谅力1悼,100技 - 109技,巢,1
何魂堡开矫 秦款措备,谅力1悼,100技 - 109技,咯,2
何魂堡开矫 秦款措备,谅力1悼,110技 捞惑,巢,0
何魂堡开矫 秦款措备,谅力1悼,110技 捞惑,咯,0
何魂堡开矫 秦款措备,谅力2悼,0技 - 9技,巢,823
何魂堡开矫 秦款措备,谅力2悼,0技 - 9技,咯,775
何魂堡开矫 秦款措备,谅力2悼,10技 - 19技,巢,1268
何魂堡开矫 秦款措备,谅力2悼,10技 - 19技,咯,1278
何魂堡开矫 秦款措备,谅力2悼,20技 - 29技,巢,1941
何魂堡开矫 秦款措备,谅力2悼,20技 - 29技,咯,2203
何魂堡开矫 秦款措备,谅力2悼,30技 - 39技,巢,2106
何魂堡开矫 秦款措备,谅力2悼,30技 - 39技,咯,2156
何魂堡开矫 秦款措备,谅力2悼,40技 - 49技,巢,1994
何魂堡开矫 秦款措备,谅力2悼,40技 - 49技,咯,2443
何魂堡开矫 秦款措备,谅力2悼,50技 - 59技,巢,2361
何魂堡开矫 秦款措备,谅力2悼,50技 - 59技,咯,3104
何魂堡开矫 秦款措备,谅力2悼,60技 - 69技,巢,2171
何魂堡开矫 秦款措备,谅力2悼,60技 - 69技,咯,2424
何魂堡开矫 秦款措备,谅力2悼,70技 - 79技,巢,887
何魂堡开矫 秦款措备,谅力2悼,70技 - 79技,咯,1242
何魂堡开矫 秦款措备,谅力2悼,80技 - 89技,巢,444
何魂堡开矫 秦款措备,谅力2悼,80技 - 89技,咯,737
何魂堡开矫 秦款措备,谅力2悼,90技 - 99技,巢,47
何魂堡开矫 秦款措备,谅力2悼,90技 - 99技,咯,137
何魂堡开矫 秦款措备,谅力2悼,100技 - 109技,巢,1
何魂堡开矫 秦款措备,谅力2悼,100技 - 109技,咯,4
何魂堡开矫 秦款措备,谅力2悼,110技 捞惑,巢,0
何魂堡开矫 秦款措备,谅力2悼,110技 捞惑,咯,0
何魂堡开矫 秦款措备,谅力3悼,0技 - 9技,巢,438
何魂堡开矫 秦款措备,谅力3悼,0技 - 9技,咯,405
何魂堡开矫 秦款措备,谅力3悼,10技 - 19技,巢,768
何魂堡开矫 秦款措备,谅力3悼,10技 - 19技,咯,741
何魂堡开矫 秦款措备,谅力3悼,20技 - 29技,巢,882
何魂堡开矫 秦款措备,谅力3悼,20技 - 29技,咯,705
何魂堡开矫 秦款措备,谅力3悼,30技 - 39技,巢,762
何魂堡开矫 秦款措备,谅力3悼,30技 - 39技,咯,789
何魂堡开矫 秦款措备,谅力3悼,40技 - 49技,巢,935
何魂堡开矫 秦款措备,谅力3悼,40技 - 49技,咯,1132
何魂堡开矫 秦款措备,谅力3悼,50技 - 59技,巢,1282
何魂堡开矫 秦款措备,谅力3悼,50技 - 59技,咯,1572
何魂堡开矫 秦款措备,谅力3悼,60技 - 69技,巢,1153
何魂堡开矫 秦款措备,谅力3悼,60技 - 69技,咯,1358
何魂堡开矫 秦款措备,谅力3悼,70技 - 79技,巢,563
何魂堡开矫 秦款措备,谅力3悼,70技 - 79技,咯,753
何魂堡开矫 秦款措备,谅力3悼,80技 - 89技,巢,277
何魂堡开矫 秦款措备,谅力3悼,80技 - 89技,咯,536
何魂堡开矫 秦款措备,谅力3悼,90技 - 99技,巢,40
何魂堡开矫 秦款措备,谅力3悼,90技 - 99技,咯,103
何魂堡开矫 秦款措备,谅力3悼,100技 - 109技,巢,0
何魂堡开矫 秦款措备,谅力3悼,100技 - 109技,咯,4
何魂堡开矫 秦款措备,谅力3悼,110技 捞惑,巢,0
何魂堡开矫 秦款措备,谅力3悼,110技 捞惑,咯,0
何魂堡开矫 秦款措备,谅力4悼,0技 - 9技,巢,779
何魂堡开矫 秦款措备,谅力4悼,0技 - 9技,咯,678
何魂堡开矫 秦款措备,谅力4悼,10技 - 19技,巢,1336
何魂堡开矫 秦款措备,谅力4悼,10技 - 19技,咯,1281
何魂堡开矫 秦款措备,谅力4悼,20技 - 29技,巢,1297
何魂堡开矫 秦款措备,谅力4悼,20技 - 29技,咯,1157
何魂堡开矫 秦款措备,谅力4悼,30技 - 39技,巢,1111
何魂堡开矫 秦款措备,谅力4悼,30技 - 39技,咯,1217
何魂堡开矫 秦款措备,谅力4悼,40技 - 49技,巢,1525
何魂堡开矫 秦款措备,谅力4悼,40技 - 49技,咯,1917
何魂堡开矫 秦款措备,谅力4悼,50技 - 59技,巢,1929
何魂堡开矫 秦款措备,谅力4悼,50技 - 59技,咯,2279
何魂堡开矫 秦款措备,谅力4悼,60技 - 69技,巢,1527
何魂堡开矫 秦款措备,谅力4悼,60技 - 69技,咯,1650
何魂堡开矫 秦款措备,谅力4悼,70技 - 79技,巢,623
何魂堡开矫 秦款措备,谅力4悼,70技 - 79技,咯,825
何魂堡开矫 秦款措备,谅力4悼,80技 - 89技,巢,296
何魂堡开矫 秦款措备,谅力4悼,80技 - 89技,咯,542
何魂堡开矫 秦款措备,谅力4悼,90技 - 99技,巢,35
何魂堡开矫 秦款措备,谅力4悼,90技 - 99技,咯,82
何魂堡开矫 秦款措备,谅力4悼,100技 - 109技,巢,0
何魂堡开矫 秦款措备,谅力4悼,100技 - 109技,咯,3
何魂堡开矫 秦款措备,谅力4悼,110技 捞惑,巢,0
何魂堡开矫 秦款措备,谅力4悼,110技 捞惑,咯,1
何魂堡开矫 秦款措备,价沥悼,0技 - 9技,巢,198
何魂堡开矫 秦款措备,价沥悼,0技 - 9技,咯,157
何魂堡开矫 秦款措备,价沥悼,10技 - 19技,巢,272
何魂堡开矫 秦款措备,价沥悼,10技 - 19技,咯,205
何魂堡开矫 秦款措备,价沥悼,20技 - 29技,巢,471
何魂堡开矫 秦款措备,价沥悼,20技 - 29技,咯,376
何魂堡开矫 秦款措备,价沥悼,30技 - 39技,巢,569
何魂堡开矫 秦款措备,价沥悼,30技 - 39技,咯,497
何魂堡开矫 秦款措备,价沥悼,40技 - 49技,巢,652
何魂堡开矫 秦款措备,价沥悼,40技 - 49技,咯,540
何魂堡开矫 秦款措备,价沥悼,50技 - 59技,巢,719
何魂堡开矫 秦款措备,价沥悼,50技 - 59技,咯,847
何魂堡开矫 秦款措备,价沥悼,60技 - 69技,巢,869
何魂堡开矫 秦款措备,价沥悼,60技 - 69技,咯,1112
何魂堡开矫 秦款措备,价沥悼,70技 - 79技,巢,542
何魂堡开矫 秦款措备,价沥悼,70技 - 79技,咯,633
何魂堡开矫 秦款措备,价沥悼,80技 - 89技,巢,189
何魂堡开矫 秦款措备,价沥悼,80技 - 89技,咯,373
何魂堡开矫 秦款措备,价沥悼,90技 - 99技,巢,13
何魂堡开矫 秦款措备,价沥悼,90技 - 99技,咯,56
何魂堡开矫 秦款措备,价沥悼,100技 - 109技,巢,0
何魂堡开矫 秦款措备,价沥悼,100技 - 109技,咯,1
何魂堡开矫 秦款措备,价沥悼,110技 捞惑,巢,0
何魂堡开矫 秦款措备,价沥悼,110技 捞惑,咯,0
何魂堡开矫 秦款措备,馆咯力1悼,0技 - 9技,巢,1139
何魂堡开矫 秦款措备,馆咯力1悼,0技 - 9技,咯,1062
何魂堡开矫 秦款措备,馆咯力1悼,10技 - 19技,巢,1949
何魂堡开矫 秦款措备,馆咯力1悼,10技 - 19技,咯,1828
何魂堡开矫 秦款措备,馆咯力1悼,20技 - 29技,巢,2073
何魂堡开矫 秦款措备,馆咯力1悼,20技 - 29技,咯,1699
何魂堡开矫 秦款措备,馆咯力1悼,30技 - 39技,巢,1737
何魂堡开矫 秦款措备,馆咯力1悼,30技 - 39技,咯,1807
何魂堡开矫 秦款措备,馆咯力1悼,40技 - 49技,巢,2535
何魂堡开矫 秦款措备,馆咯力1悼,40技 - 49技,咯,2891
何魂堡开矫 秦款措备,馆咯力1悼,50技 - 59技,巢,3124
何魂堡开矫 秦款措备,馆咯力1悼,50技 - 59技,咯,3336
何魂堡开矫 秦款措备,馆咯力1悼,60技 - 69技,巢,2528
何魂堡开矫 秦款措备,馆咯力1悼,60技 - 69技,咯,2613
何魂堡开矫 秦款措备,馆咯力1悼,70技 - 79技,巢,1244
何魂堡开矫 秦款措备,馆咯力1悼,70技 - 79技,咯,1414
何魂堡开矫 秦款措备,馆咯力1悼,80技 - 89技,巢,392
何魂堡开矫 秦款措备,馆咯力1悼,80技 - 89技,咯,671
何魂堡开矫 秦款措备,馆咯力1悼,90技 - 99技,巢,43
何魂堡开矫 秦款措备,馆咯力1悼,90技 - 99技,咯,106
何魂堡开矫 秦款措备,馆咯力1悼,100技 - 109技,巢,1
何魂堡开矫 秦款措备,馆咯力1悼,100技 - 109技,咯,2
何魂堡开矫 秦款措备,馆咯力1悼,110技 捞惑,巢,0
何魂堡开矫 秦款措备,馆咯力1悼,110技 捞惑,咯,0
何魂堡开矫 秦款措备,馆咯力2悼,0技 - 9技,巢,177
何魂堡开矫 秦款措备,馆咯力2悼,0技 - 9技,咯,188
何魂堡开矫 秦款措备,馆咯力2悼,10技 - 19技,巢,221
何魂堡开矫 秦款措备,馆咯力2悼,10技 - 19技,咯,236
何魂堡开矫 秦款措备,馆咯力2悼,20技 - 29技,巢,575
何魂堡开矫 秦款措备,馆咯力2悼,20技 - 29技,咯,442
何魂堡开矫 秦款措备,馆咯力2悼,30技 - 39技,巢,698
何魂堡开矫 秦款措备,馆咯力2悼,30技 - 39技,咯,541
何魂堡开矫 秦款措备,馆咯力2悼,40技 - 49技,巢,804
何魂堡开矫 秦款措备,馆咯力2悼,40技 - 49技,咯,627
何魂堡开矫 秦款措备,馆咯力2悼,50技 - 59技,巢,1018
何魂堡开矫 秦款措备,馆咯力2悼,50技 - 59技,咯,1056
何魂堡开矫 秦款措备,馆咯力2悼,60技 - 69技,巢,1167
何魂堡开矫 秦款措备,馆咯力2悼,60技 - 69技,咯,1362
何魂堡开矫 秦款措备,馆咯力2悼,70技 - 79技,巢,684
何魂堡开矫 秦款措备,馆咯力2悼,70技 - 79技,咯,915
何魂堡开矫 秦款措备,馆咯力2悼,80技 - 89技,巢,243
何魂堡开矫 秦款措备,馆咯力2悼,80技 - 89技,咯,510
何魂堡开矫 秦款措备,馆咯力2悼,90技 - 99技,巢,23
何魂堡开矫 秦款措备,馆咯力2悼,90技 - 99技,咯,63
何魂堡开矫 秦款措备,馆咯力2悼,100技 - 109技,巢,0
何魂堡开矫 秦款措备,馆咯力2悼,100技 - 109技,咯,1
何魂堡开矫 秦款措备,馆咯力2悼,110技 捞惑,巢,0
何魂堡开矫 秦款措备,馆咯力2悼,110技 捞惑,咯,0
何魂堡开矫 秦款措备,馆咯力3悼,0技 - 9技,巢,78
何魂堡开矫 秦款措备,馆咯力3悼,0技 - 9技,咯,68
何魂堡开矫 秦款措备,馆咯力3悼,10技 - 19技,巢,181
何魂堡开矫 秦款措备,馆咯力3悼,10技 - 19技,咯,160
何魂堡开矫 秦款措备,馆咯力3悼,20技 - 29技,巢,383
何魂堡开矫 秦款措备,馆咯力3悼,20技 - 29技,咯,330
何魂堡开矫 秦款措备,馆咯力3悼,30技 - 39技,巢,384
何魂堡开矫 秦款措备,馆咯力3悼,30技 - 39技,咯,256
何魂堡开矫 秦款措备,馆咯力3悼,40技 - 49技,巢,480
何魂堡开矫 秦款措备,馆咯力3悼,40技 - 49技,咯,388
何魂堡开矫 秦款措备,馆咯力3悼,50技 - 59技,巢,708
何魂堡开矫 秦款措备,馆咯力3悼,50技 - 59技,咯,686
何魂堡开矫 秦款措备,馆咯力3悼,60技 - 69技,巢,854
何魂堡开矫 秦款措备,馆咯力3悼,60技 - 69技,咯,1030
何魂堡开矫 秦款措备,馆咯力3悼,70技 - 79技,巢,460
何魂堡开矫 秦款措备,馆咯力3悼,70技 - 79技,咯,650
何魂堡开矫 秦款措备,馆咯力3悼,80技 - 89技,巢,206
何魂堡开矫 秦款措备,馆咯力3悼,80技 - 89技,咯,363
何魂堡开矫 秦款措备,馆咯力3悼,90技 - 99技,巢,9
何魂堡开矫 秦款措备,馆咯力3悼,90技 - 99技,咯,55
何魂堡开矫 秦款措备,馆咯力3悼,100技 - 109技,巢,0
何魂堡开矫 秦款措备,馆咯力3悼,100技 - 109技,咯,0
何魂堡开矫 秦款措备,馆咯力3悼,110技 捞惑,巢,0
何魂堡开矫 秦款措备,馆咯力3悼,110技 捞惑,咯,0
何魂堡开矫 秦款措备,馆咯力4悼,0技 - 9技,巢,478
何魂堡开矫 秦款措备,馆咯力4悼,0技 - 9技,咯,458
何魂堡开矫 秦款措备,馆咯力4悼,10技 - 19技,巢,724
何魂堡开矫 秦款措备,馆咯力4悼,10技 - 19技,咯,694
何魂堡开矫 秦款措备,馆咯力4悼,20技 - 29技,巢,866
何魂堡开矫 秦款措备,馆咯力4悼,20技 - 29技,咯,695
何魂堡开矫 秦款措备,馆咯力4悼,30技 - 39技,巢,819
何魂堡开矫 秦款措备,馆咯力4悼,30技 - 39技,咯,779
何魂堡开矫 秦款措备,馆咯力4悼,40技 - 49技,巢,1129
何魂堡开矫 秦款措备,馆咯力4悼,40技 - 49技,咯,1136
何魂堡开矫 秦款措备,馆咯力4悼,50技 - 59技,巢,1229
何魂堡开矫 秦款措备,馆咯力4悼,50技 - 59技,咯,1476
何魂堡开矫 秦款措备,馆咯力4悼,60技 - 69技,巢,1257
何魂堡开矫 秦款措备,馆咯力4悼,60技 - 69技,咯,1381
何魂堡开矫 秦款措备,馆咯力4悼,70技 - 79技,巢,603
何魂堡开矫 秦款措备,馆咯力4悼,70技 - 79技,咯,610
何魂堡开矫 秦款措备,馆咯力4悼,80技 - 89技,巢,145
何魂堡开矫 秦款措备,馆咯力4悼,80技 - 89技,咯,243
何魂堡开矫 秦款措备,馆咯力4悼,90技 - 99技,巢,6
何魂堡开矫 秦款措备,馆咯力4悼,90技 - 99技,咯,46
何魂堡开矫 秦款措备,馆咯力4悼,100技 - 109技,巢,0
何魂堡开矫 秦款措备,馆咯力4悼,100技 - 109技,咯,0
何魂堡开矫 秦款措备,馆咯力4悼,110技 捞惑,巢,0
何魂堡开矫 秦款措备,馆咯力4悼,110技 捞惑,咯,0
何魂堡开矫 秦款措备,馆价力1悼,0技 - 9技,巢,122
何魂堡开矫 秦款措备,馆价力1悼,0技 - 9技,咯,117
何魂堡开矫 秦款措备,馆价力1悼,10技 - 19技,巢,262
何魂堡开矫 秦款措备,馆价力1悼,10技 - 19技,咯,256
何魂堡开矫 秦款措备,馆价力1悼,20技 - 29技,巢,663
何魂堡开矫 秦款措备,馆价力1悼,20技 - 29技,咯,492
何魂堡开矫 秦款措备,馆价力1悼,30技 - 39技,巢,556
何魂堡开矫 秦款措备,馆价力1悼,30技 - 39技,咯,394
何魂堡开矫 秦款措备,馆价力1悼,40技 - 49技,巢,778
何魂堡开矫 秦款措备,馆价力1悼,40技 - 49技,咯,547
何魂堡开矫 秦款措备,馆价力1悼,50技 - 59技,巢,1218
何魂堡开矫 秦款措备,馆价力1悼,50技 - 59技,咯,1042
何魂堡开矫 秦款措备,馆价力1悼,60技 - 69技,巢,1371
何魂堡开矫 秦款措备,馆价力1悼,60技 - 69技,咯,1404
何魂堡开矫 秦款措备,馆价力1悼,70技 - 79技,巢,847
何魂堡开矫 秦款措备,馆价力1悼,70技 - 79技,咯,1166
何魂堡开矫 秦款措备,馆价力1悼,80技 - 89技,巢,382
何魂堡开矫 秦款措备,馆价力1悼,80技 - 89技,咯,671
何魂堡开矫 秦款措备,馆价力1悼,90技 - 99技,巢,14
何魂堡开矫 秦款措备,馆价力1悼,90技 - 99技,咯,102
何魂堡开矫 秦款措备,馆价力1悼,100技 - 109技,巢,0
何魂堡开矫 秦款措备,馆价力1悼,100技 - 109技,咯,0
何魂堡开矫 秦款措备,馆价力1悼,110技 捞惑,巢,0
何魂堡开矫 秦款措备,馆价力1悼,110技 捞惑,咯,0
何魂堡开矫 秦款措备,馆价力2悼,0技 - 9技,巢,306
何魂堡开矫 秦款措备,馆价力2悼,0技 - 9技,咯,285
何魂堡开矫 秦款措备,馆价力2悼,10技 - 19技,巢,621
何魂堡开矫 秦款措备,馆价力2悼,10技 - 19技,咯,513
何魂堡开矫 秦款措备,馆价力2悼,20技 - 29技,巢,951
何魂堡开矫 秦款措备,馆价力2悼,20技 - 29技,咯,766
何魂堡开矫 秦款措备,馆价力2悼,30技 - 39技,巢,920
何魂堡开矫 秦款措备,馆价力2悼,30技 - 39技,咯,690
何魂堡开矫 秦款措备,馆价力2悼,40技 - 49技,巢,1385
何魂堡开矫 秦款措备,馆价力2悼,40技 - 49技,咯,1089
何魂堡开矫 秦款措备,馆价力2悼,50技 - 59技,巢,1811
何魂堡开矫 秦款措备,馆价力2悼,50技 - 59技,咯,1838
何魂堡开矫 秦款措备,馆价力2悼,60技 - 69技,巢,2397
何魂堡开矫 秦款措备,馆价力2悼,60技 - 69技,咯,2583
何魂堡开矫 秦款措备,馆价力2悼,70技 - 79技,巢,1432
何魂堡开矫 秦款措备,馆价力2悼,70技 - 79技,咯,1974
何魂堡开矫 秦款措备,馆价力2悼,80技 - 89技,巢,513
何魂堡开矫 秦款措备,馆价力2悼,80技 - 89技,咯,1067
何魂堡开矫 秦款措备,馆价力2悼,90技 - 99技,巢,40
何魂堡开矫 秦款措备,馆价力2悼,90技 - 99技,咯,152
何魂堡开矫 秦款措备,馆价力2悼,100技 - 109技,巢,1
何魂堡开矫 秦款措备,馆价力2悼,100技 - 109技,咯,3
何魂堡开矫 秦款措备,馆价力2悼,110技 捞惑,巢,0
何魂堡开矫 秦款措备,馆价力2悼,110技 捞惑,咯,1
何魂堡开矫 秦款措备,犁价力1悼,0技 - 9技,巢,1577
何魂堡开矫 秦款措备,犁价力1悼,0技 - 9技,咯,1519
何魂堡开矫 秦款措备,犁价力1悼,10技 - 19技,巢,2596
何魂堡开矫 秦款措备,犁价力1悼,10技 - 19技,咯,2372
何魂堡开矫 秦款措备,犁价力1悼,20技 - 29技,巢,1898
何魂堡开矫 秦款措备,犁价力1悼,20技 - 29技,咯,1679
何魂堡开矫 秦款措备,犁价力1悼,30技 - 39技,巢,1874
何魂堡开矫 秦款措备,犁价力1悼,30技 - 39技,咯,1993
何魂堡开矫 秦款措备,犁价力1悼,40技 - 49技,巢,3480
何魂堡开矫 秦款措备,犁价力1悼,40技 - 49技,咯,3882
何魂堡开矫 秦款措备,犁价力1悼,50技 - 59技,巢,2899
何魂堡开矫 秦款措备,犁价力1悼,50技 - 59技,咯,2925
何魂堡开矫 秦款措备,犁价力1悼,60技 - 69技,巢,2086
何魂堡开矫 秦款措备,犁价力1悼,60技 - 69技,咯,2403
何魂堡开矫 秦款措备,犁价力1悼,70技 - 79技,巢,1160
何魂堡开矫 秦款措备,犁价力1悼,70技 - 79技,咯,1246
何魂堡开矫 秦款措备,犁价力1悼,80技 - 89技,巢,333
何魂堡开矫 秦款措备,犁价力1悼,80技 - 89技,咯,497
何魂堡开矫 秦款措备,犁价力1悼,90技 - 99技,巢,21
何魂堡开矫 秦款措备,犁价力1悼,90技 - 99技,咯,86
何魂堡开矫 秦款措备,犁价力1悼,100技 - 109技,巢,1
何魂堡开矫 秦款措备,犁价力1悼,100技 - 109技,咯,2
何魂堡开矫 秦款措备,犁价力1悼,110技 捞惑,巢,0
何魂堡开矫 秦款措备,犁价力1悼,110技 捞惑,咯,0
何魂堡开矫 秦款措备,犁价力2悼,0技 - 9技,巢,415
何魂堡开矫 秦款措备,犁价力2悼,0技 - 9技,咯,378
何魂堡开矫 秦款措备,犁价力2悼,10技 - 19技,巢,891
何魂堡开矫 秦款措备,犁价力2悼,10技 - 19技,咯,852
何魂堡开矫 秦款措备,犁价力2悼,20技 - 29技,巢,1322
何魂堡开矫 秦款措备,犁价力2悼,20技 - 29技,咯,1107
何魂堡开矫 秦款措备,犁价力2悼,30技 - 39技,巢,1334
何魂堡开矫 秦款措备,犁价力2悼,30技 - 39技,咯,1101
何魂堡开矫 秦款措备,犁价力2悼,40技 - 49技,巢,1640
何魂堡开矫 秦款措备,犁价力2悼,40技 - 49技,咯,1585
何魂堡开矫 秦款措备,犁价力2悼,50技 - 59技,巢,1875
何魂堡开矫 秦款措备,犁价力2悼,50技 - 59技,咯,2256
何魂堡开矫 秦款措备,犁价力2悼,60技 - 69技,巢,2044
何魂堡开矫 秦款措备,犁价力2悼,60技 - 69技,咯,2497
何魂堡开矫 秦款措备,犁价力2悼,70技 - 79技,巢,1126
何魂堡开矫 秦款措备,犁价力2悼,70技 - 79技,咯,1238
何魂堡开矫 秦款措备,犁价力2悼,80技 - 89技,巢,263
何魂堡开矫 秦款措备,犁价力2悼,80技 - 89技,咯,562
何魂堡开矫 秦款措备,犁价力2悼,90技 - 99技,巢,23
何魂堡开矫 秦款措备,犁价力2悼,90技 - 99技,咯,94
何魂堡开矫 秦款措备,犁价力2悼,100技 - 109技,巢,1
何魂堡开矫 秦款措备,犁价力2悼,100技 - 109技,咯,2
何魂堡开矫 秦款措备,犁价力2悼,110技 捞惑,巢,0
何魂堡开矫 秦款措备,犁价力2悼,110技 捞惑,咯,0
